{
	"credit": "Made with Blockbench",
	"textures": {
		"0": "item/axolotl_blue_bucket",
		"particle": "item/axolotl_blue_bucket"
	},
	"elements": [
		{
			"name": "body",
			"from": [4.5, 6, 10],
			"to": [11.5, 16, 14],
			"rotation": {"angle": -22.5, "axis": "x", "origin": [8, 0, 14]},
			"faces": {
				"north": {"uv": [4.5, 2.75, 6.5, 5.25], "rotation": 180, "texture": "#0"},
				"east": {"uv": [0, 5.25, 2.5, 6.25], "rotation": 270, "texture": "#0"},
				"south": {"uv": [2.5, 5.25, 4.5, 2.75], "texture": "#0"},
				"west": {"uv": [4.5, 5.25, 7, 6.25], "rotation": 90, "texture": "#0"},
				"up": {"uv": [2.5, 5.25, 4.5, 6.25], "rotation": 180, "texture": "#0"},
				"down": {"uv": [7, 5.25, 9, 6.25], "texture": "#0"}
			}
		},
		{
			"from": [8, 7, 11],
			"to": [8, 18, 15],
			"rotation": {"angle": -22.5, "axis": "x", "origin": [8, 0, 14]},
			"faces": {
				"north": {"uv": [4.5, 2.75, 6.5, 5.25], "rotation": 180, "texture": "#0"},
				"east": {"uv": [0.25, 6.5, 2.75, 7.5], "rotation": 270, "texture": "#0"},
				"south": {"uv": [2.5, 5.25, 4.5, 2.75], "texture": "#0"},
				"west": {"uv": [0.5, 6.5, 3, 7.5], "rotation": 90, "texture": "#0"},
				"up": {"uv": [2.5, 5.25, 4.5, 6.25], "rotation": 180, "texture": "#0"},
				"down": {"uv": [7, 5.25, 9, 6.25], "texture": "#0"}
			}
		},
		{
			"from": [2, 9, 2],
			"to": [14, 11, 14],
			"faces": {
				"north": {"uv": [12.25, 9.5, 15.25, 10], "texture": "#0"},
				"east": {"uv": [12.25, 9.5, 15.25, 10], "texture": "#0"},
				"south": {"uv": [12.25, 9.5, 15.25, 10], "texture": "#0"},
				"west": {"uv": [12.25, 9.5, 15.25, 10], "texture": "#0"},
				"up": {"uv": [12.25, 6, 15.25, 9], "texture": "#0"},
				"down": {"uv": [12.25, 6, 15.25, 9], "texture": "#0"}
			}
		},
		{
			"from": [3, 0, 3],
			"to": [13, 11, 4],
			"faces": {
				"north": {"uv": [12.5, 10, 15, 12.75], "texture": "#0"},
				"east": {"uv": [0, 0, 0.5, 0.5], "texture": "#0"},
				"south": {"uv": [12.5, 13, 15, 15.75], "texture": "#0"},
				"west": {"uv": [0, 0, 0.5, 0.5], "texture": "#0"},
				"up": {"uv": [0, 0, 0.5, 0.5], "texture": "#0"},
				"down": {"uv": [12.5, 9.5, 15, 9.75], "rotation": 270, "texture": "#0"}
			}
		},
		{
			"from": [3, 0, 3],
			"to": [4, 11, 13],
			"rotation": {"angle": 0, "axis": "y", "origin": [8, 5.5, 8]},
			"faces": {
				"north": {"uv": [0, 0, 0.5, 0.5], "texture": "#0"},
				"east": {"uv": [12.5, 13, 15, 15.75], "texture": "#0"},
				"south": {"uv": [0, 0, 0.5, 0.5], "texture": "#0"},
				"west": {"uv": [12.5, 10, 15, 12.75], "texture": "#0"},
				"up": {"uv": [0, 0, 0.5, 0.5], "rotation": 270, "texture": "#0"},
				"down": {"uv": [12.5, 9.5, 15, 9.75], "rotation": 270, "texture": "#0"}
			}
		},
		{
			"from": [3, 0, 12],
			"to": [13, 11, 13],
			"rotation": {"angle": 0, "axis": "y", "origin": [8, 5.5, 8]},
			"faces": {
				"north": {"uv": [12.5, 13, 15, 15.75], "texture": "#0"},
				"east": {"uv": [0, 0, 0.5, 0.5], "texture": "#0"},
				"south": {"uv": [12.5, 10, 15, 12.75], "texture": "#0"},
				"west": {"uv": [0, 0, 0.5, 0.5], "texture": "#0"},
				"up": {"uv": [0, 0, 0.5, 0.5], "rotation": 180, "texture": "#0"},
				"down": {"uv": [12.5, 9.5, 15, 9.75], "rotation": 270, "texture": "#0"}
			}
		},
		{
			"from": [12, 0, 3],
			"to": [13, 11, 13],
			"rotation": {"angle": 0, "axis": "y", "origin": [8, 5.5, 8]},
			"faces": {
				"north": {"uv": [0, 0, 0.5, 0.5], "texture": "#0"},
				"east": {"uv": [12.5, 10, 15, 12.75], "texture": "#0"},
				"south": {"uv": [0, 0, 0.5, 0.5], "texture": "#0"},
				"west": {"uv": [12.5, 13, 15, 15.75], "texture": "#0"},
				"up": {"uv": [0, 0, 0.5, 0.5], "rotation": 90, "texture": "#0"},
				"down": {"uv": [12.5, 9.5, 15, 9.75], "rotation": 270, "texture": "#0"}
			}
		},
		{
			"from": [4, 0, 4],
			"to": [12, 10, 12],
			"faces": {
				"north": {"uv": [0, 0, 0.5, 0.5], "texture": "#0"},
				"east": {"uv": [0, 0, 0.5, 0.5], "texture": "#0"},
				"south": {"uv": [0, 0, 0.5, 0.5], "texture": "#0"},
				"west": {"uv": [0, 0, 0.5, 0.5], "texture": "#0"},
				"up": {"uv": [10.5, 14.5, 11.25, 15.25], "texture": "#0"},
				"down": {"uv": [12.75, 13.25, 14.75, 15.25], "texture": "#0"}
			}
		},
		{
			"name": "arm",
			"from": [5, 11.001, 2],
			"to": [11, 11.001, 6],
			"faces": {
				"north": {"uv": [0, 0, 1, 0], "texture": "#missing"},
				"east": {"uv": [0, 0, 8, 0], "texture": "#missing"},
				"south": {"uv": [0, 0, 1, 0], "texture": "#missing"},
				"west": {"uv": [0, 0, 8, 0], "texture": "#missing"},
				"up": {"uv": [0.25, 3.5, 1.75, 2.5], "texture": "#0"},
				"down": {"uv": [1.75, 2.75, 0.25, 3.5], "texture": "#0"}
			}
		},
		{
			"name": "hand",
			"from": [4, 9, 2],
			"to": [12, 11, 2],
			"rotation": {"angle": 22.5, "axis": "x", "origin": [10.5, 11, 2]},
			"faces": {
				"north": {"uv": [2, 5, 0, 4.5], "rotation": 180, "texture": "#0"},
				"east": {"uv": [0, 0, 8, 0], "rotation": 90, "texture": "#missing"},
				"south": {"uv": [2, 4.5, 0, 5], "texture": "#0"},
				"west": {"uv": [0, 0, 8, 0], "rotation": 270, "texture": "#missing"},
				"up": {"uv": [0, 0, 1, 0], "texture": "#missing"},
				"down": {"uv": [0, 0, 1, 0], "rotation": 180, "texture": "#missing"}
			}
		},
		{
			"name": "hand",
			"from": [4, 11, 0],
			"to": [12, 11, 2],
			"rotation": {"angle": -22.5, "axis": "x", "origin": [10.5, 11, 2]},
			"faces": {
				"north": {"uv": [0, 0, 1, 0], "texture": "#missing"},
				"east": {"uv": [0, 0, 8, 0], "texture": "#missing"},
				"south": {"uv": [0, 0, 1, 0], "texture": "#missing"},
				"west": {"uv": [0, 0, 8, 0], "texture": "#missing"},
				"up": {"uv": [2, 4, 0, 3.5], "texture": "#0"},
				"down": {"uv": [2, 3.5, 0, 4], "texture": "#0"}
			}
		},
		{
			"name": "hand",
			"from": [4, 11, 0],
			"to": [12, 11, 2],
			"rotation": {"angle": -45, "axis": "x", "origin": [10.5, 11, 2]},
			"faces": {
				"north": {"uv": [0, 0, 1, 0], "texture": "#missing"},
				"east": {"uv": [0, 0, 8, 0], "texture": "#missing"},
				"south": {"uv": [0, 0, 1, 0], "texture": "#missing"},
				"west": {"uv": [0, 0, 8, 0], "texture": "#missing"},
				"up": {"uv": [2, 4.5, 0, 4], "texture": "#0"},
				"down": {"uv": [2, 4, 0, 4.5], "texture": "#0"}
			}
		},
		{
			"name": "headfrill",
			"from": [1, 12, 6],
			"to": [15, 20, 6],
			"rotation": {"angle": 0, "axis": "y", "origin": [8, 15.25, 5.25]},
			"faces": {
				"north": {"uv": [0, 9.75, 3.5, 11.75], "texture": "#0"},
				"east": {"uv": [0, 1.5, 1.25, 2.75], "texture": "#0"},
				"south": {"uv": [0, 9.75, 3.5, 11.75], "texture": "#0"},
				"west": {"uv": [3.25, 1.5, 4.5, 2.75], "texture": "#0"},
				"up": {"uv": [1.25, 1.5, 3.25, 0.25], "texture": "#0"},
				"down": {"uv": [3.25, 0.25, 5.25, 1.5], "texture": "#0"}
			}
		},
		{
			"name": "head",
			"from": [4, 12, 2],
			"to": [12, 17, 7],
			"rotation": {"angle": 0, "axis": "y", "origin": [8, 15.25, 5.25]},
			"faces": {
				"north": {"uv": [1.25, 1.5, 3.25, 2.75], "texture": "#0"},
				"east": {"uv": [0, 1.5, 1.25, 2.75], "texture": "#0"},
				"south": {"uv": [3.25, 0.25, 5.25, 1.5], "texture": "#0"},
				"west": {"uv": [3.25, 1.5, 4.5, 2.75], "texture": "#0"},
				"up": {"uv": [1.25, 1.5, 3.25, 0.25], "texture": "#0"},
				"down": {"uv": [3.25, 0.25, 5.25, 1.5], "texture": "#0"}
			}
		},
		{
			"name": "headfrill",
			"from": [1, 12, 6],
			"to": [15, 20, 6],
			"rotation": {"angle": 22.5, "axis": "z", "origin": [8, 15.25, 5.25]},
			"faces": {
				"north": {"uv": [3.5, 9.75, 7, 11.75], "texture": "#0"},
				"east": {"uv": [0, 1.5, 1.25, 2.75], "texture": "#0"},
				"south": {"uv": [3.5, 9.75, 7, 11.75], "texture": "#0"},
				"west": {"uv": [3.25, 1.5, 4.5, 2.75], "texture": "#0"},
				"up": {"uv": [1.25, 1.5, 3.25, 0.25], "texture": "#0"},
				"down": {"uv": [3.25, 0.25, 5.25, 1.5], "texture": "#0"}
			}
		},
		{
			"name": "head",
			"from": [4, 12, 2],
			"to": [12, 17, 7],
			"rotation": {"angle": 22.5, "axis": "z", "origin": [8, 15.25, 5.25]},
			"faces": {
				"north": {"uv": [10.75, 1.25, 12.75, 2.5], "texture": "#0"},
				"east": {"uv": [9.5, 1.25, 10.75, 2.5], "texture": "#0"},
				"south": {"uv": [12.75, 0, 14.75, 1.25], "texture": "#0"},
				"west": {"uv": [12.75, 1.25, 14, 2.5], "texture": "#0"},
				"up": {"uv": [10.75, 1.25, 12.75, 0], "texture": "#0"},
				"down": {"uv": [12.75, 0, 14.75, 1.25], "texture": "#0"}
			}
		},
		{
			"name": "headfrill",
			"from": [1, 12, 6],
			"to": [15, 20, 6],
			"rotation": {"angle": -22.5, "axis": "z", "origin": [8, 15.25, 5.25]},
			"faces": {
				"north": {"uv": [7, 9.75, 10.5, 11.75], "texture": "#0"},
				"east": {"uv": [0, 1.5, 1.25, 2.75], "texture": "#0"},
				"south": {"uv": [7, 9.75, 10.5, 11.75], "texture": "#0"},
				"west": {"uv": [3.25, 1.5, 4.5, 2.75], "texture": "#0"},
				"up": {"uv": [1.25, 1.5, 3.25, 0.25], "texture": "#0"},
				"down": {"uv": [3.25, 0.25, 5.25, 1.5], "texture": "#0"}
			}
		},
		{
			"name": "head",
			"from": [4, 12, 2],
			"to": [12, 17, 7],
			"rotation": {"angle": -22.5, "axis": "z", "origin": [8, 15.25, 5.25]},
			"faces": {
				"north": {"uv": [10.75, 3.75, 12.75, 5], "texture": "#0"},
				"east": {"uv": [9.5, 3.75, 10.75, 5], "texture": "#0"},
				"south": {"uv": [12.75, 2.5, 14.75, 3.75], "texture": "#0"},
				"west": {"uv": [12.75, 3.75, 14, 5], "texture": "#0"},
				"up": {"uv": [10.75, 3.75, 12.75, 2.5], "texture": "#0"},
				"down": {"uv": [12.75, 2.5, 14.75, 3.75], "texture": "#0"}
			}
		}
	],
	"display": {
		"thirdperson_righthand": {
			"rotation": [37, 0, 0],
			"translation": [0, 1.5, 1.75],
			"scale": [0.5, 0.5, 0.5]
		},
		"thirdperson_lefthand": {
			"rotation": [37, 0, 0],
			"translation": [0, 1.5, 1.75],
			"scale": [0.5, 0.5, 0.5]
		},
		"firstperson_righthand": {
			"rotation": [13, 112, -10.5],
			"translation": [13, -3.5, -12.75]
		},
		"firstperson_lefthand": {
			"rotation": [13, 112, -10.5],
			"translation": [13, -3.5, -12.75]
		},
		"gui": {
			"rotation": [22.5, 137, 0],
			"scale": [0.9, 0.9, 0.9]
		},
		"head": {
			"translation": [0, 3.399, -0.39]
		},
		"fixed": {
			"rotation": [-6.75, 0, 0]
		}
	},
	"groups": [0, 1,
		{
			"name": "bucket",
			"origin": [0, 0, 0],
			"children": [2, 3, 4, 5, 6, 7]
		}, 8, 9, 10, 11,
		{
			"name": "group",
			"origin": [8, 15.25, 5.25],
			"children": [12, 13]
		},
		{
			"name": "group",
			"origin": [8, 15.25, 5.25],
			"children": [14, 15]
		},
		{
			"name": "group",
			"origin": [8, 15.25, 5.25],
			"children": [16, 17]
		}
	]
}